url,cleaned_url,proba_before,proba_after
http://www.rcint.com,https://www.rcint.com,1.0,0.383
http://www.rk-shaprak.ga,https://www.rkshaprak.ga,1.0,0.3
http://www.edl-iiiran.ml,https://www.edliiiran.ml,1.0,0.31
http://www.offices-update.com,https://www.officesupdate.com,1.0,0.287
http://www.raldistrictgoingalon.cfd,https://www.raldistrictgoingalon.cfd,0.99,0.463
http://www.starpar-ir.ga,https://www.starparir.ga,1.0,0.21
http://www.0ffice365-seccure-email.bid,https://www.fficeseccureemail.bid,0.987,0.35
http://www.hidingyour.info,https://www.hidingyour.info,1.0,0.207
http://www.vpndaily.com,https://www.vpndaily.com,1.0,0.397
http://www.iamselorm.com,https://www.iamselorm.com,1.0,0.393
http://www.xp105.com,https://www.xp.com,1.0,0.12
http://www.md.9awi.pw,https://www.md.awi.pw,0.983,0.19
http://www.comodo.world,https://www.comodo.world,0.997,0.287
http://www.m7.qxywa.com,https://www.m.qxywa.com,1.0,0.21
http://www.eeaa.firefoxupdata.com,https://www.eeaa.firefoxupdata.com,1.0,0.347
