url,proba_phish,IsHTTPS,URLLength,NoOfOtherSpecialCharsInURL
https://www.amazonlogistics.jp/,0.24333333333333335,1,30,1
https://www.mediasmarkets.com,0.0,1,28,1
https://www.flectrachile.cl,0.0033333333333333335,1,26,1
https://www.3659eee.net,0.4866666666666667,1,22,1
https://www.visitpietroburgo.com,0.0,1,31,1
https://www.studiorafaelpires.com.br,0.07333333333333333,1,36,2
https://www.support-lcioud-maps.info,0.4533333333333333,1,35,3
https://www.notepad-install.top,0.4666666666666667,1,30,2
https://www.myfreeserver.download,0.006666666666666667,1,32,1
https://www.dutsh-helppackage.ecranul.ro,0.24666666666666667,1,39,3
https://www.jp-metamask.org,0.0,1,26,2
https://www.webfun.website,0.043333333333333335,1,25,1
https://www.paga-fattura-aruba-it.com/,0.45,1,38,5
https://www.wsdownloadd.com,0.0,1,26,1
https://www.gracevalley.edu.pk,0.0,1,29,2
https://www.faleballe.com,0.0,1,24,1
https://www.kidzcommunity.org,0.0,1,28,1
https://www.vwvwzonabetasegura.com,0.27,1,34,1
https://www.asgharintl.net,0.0,1,25,1
https://www.apestakeapp.ml/,0.46,1,26,1
https://www.vksucsess.pp.ru,0.03,1,26,2
https://www.ib.bancsgnb.one,0.12666666666666668,1,27,2
https://www.church4.in,0.0,1,21,1
https://www.ron-supp.pages.dev,0.17666666666666667,1,29,3
https://www.steamcomunilty.com,0.0,1,29,1
https://www.totallystupidstuff.com,0.0,1,33,1
https://www.bet988d.com,0.21,1,22,1
https://www.webaxum.com,0.0,1,22,1
https://www.kafedam.com,0.0,1,22,1
https://www.vwvwvzonabeta.com,0.08666666666666667,1,29,1
https://www.sorrentinovini.com,0.0,1,29,1
https://www.bendigobaniking.com,0.0,1,30,1
https://www.teamfocus.ng,0.02,1,23,1
https://www.linkler.ru,0.0,1,21,1
https://www.netfllx-discount.com/,0.33666666666666667,1,33,3
https://www.alhashimia.net,0.0,1,25,1
https://www.bitmart-trust.net/,0.2,1,29,2
https://www.usadaconstructions.studio,0.13,1,36,1
https://www.drybagdenim.com,0.0,1,26,1
https://www.serviziofatturazionearuba.com/,0.13,1,41,1
https://www.oneweb-host.com,0.0,1,26,2
https://www.hireamed.com,0.0,1,23,1
https://www.wvvzonadingital.com,0.09,1,31,1
https://www.goto.otopplace.com,0.006666666666666667,1,29,2
https://www.semana-apenas.com,0.0,1,28,2
https://www.byingwallet.net/,0.32666666666666666,1,27,1
https://www.alibaba-enquiryservice.com,0.006666666666666667,1,37,2
https://www.usd-coin.cash/,0.14666666666666667,1,25,2
https://www.vam-podarok.org.ru,0.03,1,29,3
https://www.sqkufy.com/,0.12333333333333334,1,22,1
https://www.somahe-sarl.com,0.0,1,26,2
http://www.linktohttps.com,0.2633333333333333,1,25,1
https://www.photos-deleted.pages.dev,0.2833333333333333,1,35,3
https://www.n1455.cn/,0.44333333333333336,1,21,2
https://www.northcotechiropractic.com,0.32,1,37,1
https://www.shopeinnovationt.com,0.0,1,31,1
https://www.limota.vn,0.0033333333333333335,1,20,1
https://www.vip3659a.com,0.21333333333333335,1,23,1
https://www.marketingtechnologies.es,0.0,1,35,1
https://www.ndnmag.fr,0.0,1,20,1
https://www.oivac.com,0.0,1,20,1
https://www.amazon.ydoxt.xyz,0.4166666666666667,1,28,2
https://www.dieukhactbk.com,0.0,1,26,1
https://www.openocean-finance.com/,0.12333333333333334,1,33,2
https://www.metanfo.fr,0.0033333333333333335,1,21,1
https://www.estilmenut.com,0.0,1,25,1
https://www.icy.lud.workers.dev,0.15666666666666668,1,30,3
