feature,solo_auc
URLSimilarityIndex,0.9961
LineOfCode,0.9903
NoOfExternalRef,0.988
NoOfImage,0.9796
NoOfSelfRef,0.9725
NoOfJS,0.9708
NoOfCSS,0.9576
HasSocialNet,0.8947
HasCopyrightInfo,0.8755
HasDescription,0.8462
NoOfOtherSpecialCharsInURL,0.8238
LargestLineLength,0.8163
SpacialCharRatioInURL,0.8076
DomainTitleMatchScore,0.7923
HasSubmitButton,0.788
URLTitleMatchScore,0.7707
IsResponsive,0.7685
URLCharProb,0.7679
NoOfiFrame,0.7546
IsHTTPS,0.7539
HasHiddenFields,0.7488
NoOfEmptyRef,0.7454
CharContinuationRate,0.7439
NoOfLettersInURL,0.7422
HasFavicon,0.7397
URLLength,0.7324
NoOfDegitsInURL,0.728
DegitRatioInURL,0.7261
LetterRatioInURL,0.7151
Robots,0.6754
HasTitle,0.6606
Pay,0.6546
DomainLength,0.6244
TLDLegitimateProb,0.6089
Bank,0.5636
NoOfPopup,0.5452
HasPasswordField,0.5423
HasExternalFormSubmit,0.5347
NoOfQMarkInURL,0.5304
NoOfEqualsInURL,0.5268
TLDLength,0.5262
NoOfURLRedirect,0.516
Crypto,0.5152
NoOfSelfRedirect,0.5152
NoOfSubDomain,0.5146
NoOfAmpersandInURL,0.5044
IsDomainIP,0.5032
ObfuscationRatio,0.5024
HasObfuscation,0.5024
NoOfObfuscatedChar,0.5024
