metric,value
urls,235795
legitimate,134850
phishing,100945
usi_label_correlation,0.8604
usi_legit_share_100,1.0
usi_phishing_share_100,0.007786418346624399
one_line_rule_accuracy,0.9966665959837995
one_line_rule_recall,0.9922135816533756
one_line_rule_false_alarms,0
last_char_dropped_legit,1.0
last_char_dropped_phishing,0.5181138243597999
https_share_legit,1.0
https_share_phishing,0.48735449997523406
www_share_legit,1.0
www_share_phishing,0.4135519342216058
url_only_strongest_feature,NoOfOtherSpecialCharsInURL
url_only_strongest_solo_auc,0.8238
tldprob_vs_legit_rate_r,0.0733
