URL,proba_phish,IsHTTPS,URLLength,NoOfOtherSpecialCharsInURL
https://www.amazonlogistics.jp/,0.243,1,30,1
https://www.mediasmarkets.com,0.0,1,28,1
https://www.flectrachile.cl,0.003,1,26,1
https://www.3659eee.net,0.487,1,22,1
https://www.visitpietroburgo.com,0.0,1,31,1
https://www.studiorafaelpires.com.br,0.073,1,36,2
https://www.support-lcioud-maps.info,0.453,1,35,3
https://www.notepad-install.top,0.467,1,30,2
https://www.myfreeserver.download,0.007,1,32,1
https://www.dutsh-helppackage.ecranul.ro,0.247,1,39,3
https://www.jp-metamask.org,0.0,1,26,2
https://www.webfun.website,0.043,1,25,1
https://www.paga-fattura-aruba-it.com/,0.45,1,38,5
https://www.wsdownloadd.com,0.0,1,26,1
https://www.gracevalley.edu.pk,0.0,1,29,2
https://www.faleballe.com,0.0,1,24,1
https://www.kidzcommunity.org,0.0,1,28,1
https://www.vwvwzonabetasegura.com,0.27,1,34,1
https://www.asgharintl.net,0.0,1,25,1
https://www.apestakeapp.ml/,0.46,1,26,1
https://www.vksucsess.pp.ru,0.03,1,26,2
https://www.ib.bancsgnb.one,0.127,1,27,2
https://www.church4.in,0.0,1,21,1
https://www.purchaseorderdocuments.instanthq.com,0.5,1,47,2
https://www.ron-supp.pages.dev,0.177,1,29,3
https://www.steamcomunilty.com,0.0,1,29,1
https://www.totallystupidstuff.com,0.0,1,33,1
https://www.bet988d.com,0.21,1,22,1
https://www.webaxum.com,0.0,1,22,1
https://www.kafedam.com,0.0,1,22,1
https://www.vwvwvzonabeta.com,0.087,1,29,1
https://www.sorrentinovini.com,0.0,1,29,1
https://www.bendigobaniking.com,0.0,1,30,1
https://www.teamfocus.ng,0.02,1,23,1
https://www.linkler.ru,0.0,1,21,1
https://www.netfllx-discount.com/,0.337,1,33,3
https://www.alhashimia.net,0.0,1,25,1
https://www.bitmart-trust.net/,0.2,1,29,2
https://www.usadaconstructions.studio,0.13,1,36,1
https://www.drybagdenim.com,0.0,1,26,1
https://www.serviziofatturazionearuba.com/,0.13,1,41,1
https://www.oneweb-host.com,0.0,1,26,2
https://www.hireamed.com,0.0,1,23,1
https://www.wvvzonadingital.com,0.09,1,31,1
https://www.goto.otopplace.com,0.007,1,29,2
https://www.semana-apenas.com,0.0,1,28,2
https://www.byingwallet.net/,0.327,1,27,1
https://www.alibaba-enquiryservice.com,0.007,1,37,2
https://www.usd-coin.cash/,0.147,1,25,2
https://www.vam-podarok.org.ru,0.03,1,29,3
https://www.sqkufy.com/,0.123,1,22,1
https://www.somahe-sarl.com,0.0,1,26,2
http://www.linktohttps.com,0.263,1,25,1
https://www.photos-deleted.pages.dev,0.283,1,35,3
https://www.n1455.cn/,0.443,1,21,2
https://www.northcotechiropractic.com,0.32,1,37,1
https://www.shopeinnovationt.com,0.0,1,31,1
https://www.limota.vn,0.003,1,20,1
https://www.vip3659a.com,0.213,1,23,1
https://www.marketingtechnologies.es,0.0,1,35,1
https://www.at0.srev.workers.dev,0.5,1,31,3
https://www.ndnmag.fr,0.0,1,20,1
https://www.oivac.com,0.0,1,20,1
https://www.amazon.ydoxt.xyz,0.417,1,28,2
https://www.dieukhactbk.com,0.0,1,26,1
https://www.openocean-finance.com/,0.123,1,33,2
https://www.metanfo.fr,0.003,1,21,1
http://www.httpsbinance.com,0.5,1,26,1
https://www.estilmenut.com,0.0,1,25,1
https://www.icy.lud.workers.dev,0.157,1,30,3
