feature,mdi
URLSimilarityIndex,0.20743
NoOfExternalRef,0.15598
LineOfCode,0.12631
NoOfImage,0.09943
NoOfSelfRef,0.08992
NoOfJS,0.06696
HasSocialNet,0.0355
NoOfCSS,0.03358
HasCopyrightInfo,0.02992
HasDescription,0.02569
NoOfOtherSpecialCharsInURL,0.01861
IsHTTPS,0.018
LargestLineLength,0.01698
NoOfDegitsInURL,0.01134
DegitRatioInURL,0.00844
DomainTitleMatchScore,0.00776
NoOfLettersInURL,0.00633
IsResponsive,0.00628
URLLength,0.00582
NoOfEmptyRef,0.00447
SpacialCharRatioInURL,0.00387
HasSubmitButton,0.00384
NoOfiFrame,0.00319
URLTitleMatchScore,0.00309
LetterRatioInURL,0.00289
NoOfSubDomain,0.00267
URLCharProb,0.00191
HasFavicon,0.00112
CharContinuationRate,0.00066
DomainLength,0.00047
NoOfEqualsInURL,0.00033
TLDLegitimateProb,0.00033
NoOfQMarkInURL,0.00019
HasHiddenFields,0.00017
HasTitle,0.00016
Pay,8e-05
TLDLength,8e-05
HasPasswordField,7e-05
Bank,5e-05
NoOfPopup,4e-05
Robots,2e-05
NoOfURLRedirect,1e-05
Crypto,1e-05
HasExternalFormSubmit,0.0
NoOfSelfRedirect,0.0
IsDomainIP,0.0
HasObfuscation,0.0
NoOfAmpersandInURL,0.0
ObfuscationRatio,0.0
NoOfObfuscatedChar,0.0
