feature,mdi,permutation_f1_drop
IsHTTPS,0.3658,0.26365
NoOfOtherSpecialCharsInURL,0.11605,0.14768
DegitRatioInURL,0.08395,0.00198
LetterRatioInURL,0.0746,0.12819
NoOfDegitsInURL,0.05867,0.0007
URLLength,0.05766,0.0355
SpacialCharRatioInURL,0.05753,0.10331
NoOfLettersInURL,0.0427,0.05748
NoOfSubDomain,0.03713,0.03539
CharContinuationRate,0.03026,0.03299
URLCharProb,0.02656,0.00019
TLDLegitimateProb,0.022,0.00114
DomainLength,0.0179,0.14474
TLDLength,0.00871,-2e-05
NoOfEqualsInURL,0.00025,-2e-05
NoOfQMarkInURL,0.0002,-2e-05
NoOfAmpersandInURL,2e-05,0.0
IsDomainIP,0.0,0.0
ObfuscationRatio,0.0,0.0
HasObfuscation,0.0,0.0
NoOfObfuscatedChar,0.0,0.0
